sentiment,text,user
"neutral","#BigData Suggests Big Potential for #urbanfarming #Science #technology #future https://t.co/Ga9YxexSlc https://t.co/Q6xemzoU9Y","mvollmer1"
"neutral","RT @KirkDBorne: @BruceTedesco @MarshaCollier @ipfconline1 @buildanything @ekplugin @DeepLearn007 @evankirstel @MikeQuindazzi @JimMarous @jb‚Ä¶","orlcm"
"neutral","A Yummy Way to Explore Life Science Data: https://t.co/cnxZAhLA7H","arjunbahree"
"negative","RT @PhysioMeScience: \"The data refute the assumption that high inflammation is negative\" üëÄüëá\n\nISSLS PRIZE IN CLINICAL SCIENCE 2018:  longitu‚Ä¶","APezolato"
"neutral","RT @ManjeetRege: Join leading Silicon Valley analyst @jowyang at Machine Learning Everywhere on February 27 at 1:00 pm ET. Learn how to ada‚Ä¶","allisongrrl"
"positive","RT @MacroInv: Hey Analisted - Data Science thanks for the follow!","S_arahah"
"neutral","RT @rociogauped: Niall Dickson highlights the importance of maintaining the UK open for science and innovation. We showed that 71.6% of Spa‚Ä¶","jescrod"
"positive","Hey Analisted - Data Science thanks for the follow!","MacroInv"
"negative","Want Your Employees to Work Harder and Smarter? Simply Change This 1 Thing About Their Jobs - How do you get the be‚Ä¶ https://t.co/qdAbzqraek","data_nerd"
"neutral","A Yummy Way to Explore Life Science Data - This article highlights exploration, analysis, and visualization functio‚Ä¶ https://t.co/9BPtperYkj","data_nerd"
"positive","RT @Fisher85M: Auto-tuning data science: New research streamlines machine learning\n\n[@DeepLearn007] MT\n#AI #MachineLearning #BigData #ML #D‚Ä¶","JLDERCLE"
"neutral","RT @gleesonj: I am seeking a postdoctoral researcher (PhD completed) to join my group, working on mathematical modelling and/or data analyt‚Ä¶","MihneaConst"
"neutral","Here we are! Meet @thomaspeel_ in #Colloquium #IA #ML #DS in Marseille TODAY! https://t.co/JRxAVw4z2F He will talk‚Ä¶ https://t.co/2CQqdCoUEu","euranova"
"neutral","RT @InterspillEvent: Interspill's Shoreline Survey science workshop on 13th March is organised by @CedreBrest  and @ITOPF_Ltd and topics in‚Ä¶","CedreBrest"
"neutral","Graduate Data Science Internship - Advertising Technology (Summer 2018) - https://t.co/YELkpz1Sx4 - Palo Alto, CA https://t.co/HgBswMcyt1","techteamnet"
"neutral","RT @marelga: En @kschoolcom ofrecen 4 becas a mujeres que quieran formarse en Big Data y Data Science https://t.co/srulLZnKb8","maribel_alvarez"
"negative","RT @SabinaLeonelli: Our editorial for the ‚Äú#OpenData and Africa‚Äù collection in Data Science Journal is now published - a small contribution‚Ä¶","stefandaume"
"positive","RT @tanyaofmars: No firm Mars mission plans post-2020 rover. Our orbiters at Mars are aging &amp; are key to transmitting data from the rovers‚Ä¶","dokomademospac1"
"neutral","A LIRE  @sciencepost_fr #Androm√®de serait plus jeune que la #Terre ? Percer le myst√®re des #galaxies faire avancer‚Ä¶ https://t.co/EPQqAyXHgy","Genci_fr"
"neutral","RT @marelga: En @kschoolcom ofrecen 4 becas a mujeres que quieran formarse en Big Data y Data Science https://t.co/srulLZnKb8","TechnoJederBig"
"positive","RT @Jonathan_M_Dean: Social science friends, colleagues, comrades: good luck and solidarity for the strike. Can I propose we keep tweets ab‚Ä¶","elebelfiore"
"positive","RT @gehlinstitute: In our latest Dialogue post, Wenfei Xu of @CARTO describes the potential use of urban data science to inform design and‚Ä¶","futurecityblog"
"neutral","RT @felicityburch: Discussion at #BrexitScienceSummit shows uncertainty is affecting UK science and innovation already. CBI members tell us‚Ä¶","janesutton4"
"neutral","En @kschoolcom ofrecen 4 becas a mujeres que quieran formarse en Big Data y Data Science https://t.co/srulLZnKb8","marelga"
"positive","RT @nigewillson: Great Data Science Glossary ! From #Algorithms to Statistical Analysis https://t.co/rmeenKlnP2 #AI #ML #DataScience #Machi‚Ä¶","intelligent_bu"
"positive","RT @odsc: Volunteers wanted for all 2018 #ODSC Events! Network with experts in the Data Science/AI community and develop new skills and bui‚Ä¶","dsi_uom"
"positive","RT @ElliotDunster: Really pleased to be @CommonsSTC  #BrexitScienceSummit on future of science &amp; research post #brexit w/ @normanlamb @SamG‚Ä¶","DianaCEOAD"
"positive","Git-Trump good at/do:-Lie, bankruptcy, support Russia &amp; US rich, fire staff, sell guns, bully, revenge, illiterarac‚Ä¶ https://t.co/bXMYxPuR7j","mustafetrump"
"neutral","RT @KirkDBorne: Step-by-Step Guide to Learn R for #DataScience: https://t.co/0xvL93sULx #Rstats #BigData #MachineLearning #Coding \n\n+From b‚Ä¶","mosteirola"
"neutral","https://t.co/bk4U4pX95b #tapchief","Pasupuleti"
"neutral","Discussion at #BrexitScienceSummit shows uncertainty is affecting UK science and innovation already. CBI members te‚Ä¶ https://t.co/K5EDFhCDRi","felicityburch"
"neutral","RT @VertiAI: Join leading Silicon Valley analyst @jowyang at Machine Learning Everywhere on February 27 at 1:00 pm ET. Learn how to adapt a‚Ä¶","allisongrrl"
"positive","Taking an agile approach to data science https://t.co/VplewxzdUf by rachelloughlin","New_Blog_Posts"
"positive","Volunteers wanted for all 2018 #ODSC Events! Network with experts in the Data Science/AI community and develop new‚Ä¶ https://t.co/NVMI43bEjL","odsc"
"positive","RT @kjbagstad: Do the results of different methods and data sources tell the same story about ecosystem services? New article tests effects‚Ä¶","MichaelVardon"
"positive","RT @SpaceTelescope: What will images from @NASAWebb look like? @stsci science visualizers are already thinking about how best to translate‚Ä¶","spaceflashnews"
"positive","RT @UWApsych: UWA is advertising 15 new positions as part of its Be Inspired campaign, including a Level C/D position @UWApsych to work on‚Ä¶","3rdincharge"
"neutral","RT @essec: What is #DataScience ?\nData science is an interdisciplinary field that seeks to extract knowledge or insights from various forms‚Ä¶","evonbiz"
"neutral","RT @KirkDBorne: @BruceTedesco @MarshaCollier @ipfconline1 @buildanything @ekplugin @DeepLearn007 @evankirstel @MikeQuindazzi @JimMarous @jb‚Ä¶","abdullahalzakry"
"positive","RT @HJDLopes: Had a great time today @GeekGirlsPT sharing my experience and promoting Lisbon Data Science Academy https://t.co/1OrYmTS9jv I‚Ä¶","ruimneiva"
"neutral","@Decideo vous invite √† participer le 8 mars √† 15h √† un webinar autour de : Citizen Data Scientist, la science des d‚Ä¶ https://t.co/6u5uNe0fsG","shawnrog"
"neutral","#ThalesFrance recherche un(e) #Responsable #Vente et KAM pour le segment Science (H/F) #V√©lizyIledeFranceFrance, po‚Ä¶ https://t.co/6BKnk0VI8l","nicolasdupe"
"neutral","RT @gleesonj: I am seeking a postdoctoral researcher (PhD completed) to join my group, working on mathematical modelling and/or data analyt‚Ä¶","m_starnini"
"positive","Upskill to Data Science....!Data Science with SAS Data Science with ..For more info visit... https://t.co/AnsoKvjJfD https://t.co/TKmFKqimBm","Signetsoft"
"positive","'Pinoystartup/data-science' News https://t.co/NoNzcVENm1 - top stories by @greglinden","willynguen"
"neutral","RT @Tynetoinvest: The role of data in growing the economy - in partnership with @NCLScience we will discuss how a city‚Äôs data can be utilis‚Ä¶","TheCoreUK"
"positive","RT @rasagy: Let‚Äôs get more üáÆüá≥ women speakers in ML/AI/Data Science conferences! @DevanganaK is putting a list together.\nKnow anyone doing i‚Ä¶","prtksxna"
"neutral","RT @daniela_witten: Hi stats twitter!    Within the context of interdisciplinary data science, what‚Äôs the #1 thing that rigorous statistica‚Ä¶","tbrittoborges"
"neutral","@lakens Hi. Have you come across articles / books that make principled criticisms of inferences drawn from ‚Äúbig dat‚Ä¶ https://t.co/gzSJrgtpFy","brickinedifice"
"positive","RT @KatyCHOwen: How is data science shaping our lives? And how can we harness it for good? Hear from @AdahParris @bjornih @DataKindUK on fi‚Ä¶","GuyMaskall"
"neutral","#TheScienceOf #Mood takes place tonight at The Urban Sciences Building https://t.co/DhOg4m3YE5 with @NeurosciNCLUni‚Ä¶ https://t.co/pNPUtSRw05","TheCoreUK"
"neutral","Join leading Silicon Valley analyst @jowyang at Machine Learning Everywhere on February 27 at 1:00 pm ET. Learn how‚Ä¶ https://t.co/F9O4FwgitC","ManjeetRege"
"positive","@SteveStuWill Ha, that was published my MEN. For sure they even used RIGOROUS methods in data interpretation and co‚Ä¶ https://t.co/2YKfR7QTFO","HelllNooo"
"neutral","Join leading Silicon Valley analyst @jowyang at Machine Learning Everywhere on February 27 at 1:00 pm ET. Learn how‚Ä¶ https://t.co/Bqpss99WWh","ATEKAssetScan"
"positive","Avec Data Science Experience, Big Blue propose un environnement taill√© pour exp√©rimenter des mod√®les de machine lea‚Ä¶ https://t.co/SjdO8B6rre","SRetkowsky"
"neutral","Join leading Silicon Valley analyst @jowyang at Machine Learning Everywhere on February 27 at 1:00 pm ET. Learn how‚Ä¶ https://t.co/eKS95lOB01","VertiAI"
"neutral","Data science, female technologists, and the future of #retail #retailintelligence https://t.co/toosrw6HiF","tcuento_en"
"neutral","RT @TimSalabim3: If you like working with geo-spatial data in #rstats, come work with our geodata science team at @GfK Geomarketing! \nWe cu‚Ä¶","rstatsbot1234"
"neutral","RT @TDWI: Securing your #analytics #algorithms is the next frontier of #cybersecurity and one that will require #DataScience skills to exec‚Ä¶","ATMe55396768"
"neutral","Pandas Data Science for Beginners\n\n‚òû https://t.co/I64ZpYt6iM\n\n#python #DataScience https://t.co/1Di0pRh2OR","fan_python"
"neutral","Pandas Data Science for Beginners\n\n‚òû https://t.co/5z1Q3jjbSD\n\n#python #DataScience https://t.co/7fkUD7KZj7","django_develop"
"positive","20 Data Science and ML Topics Getting Big Traction - Data Science Central https://t.co/6DwdGrzQaG, see more https://t.co/L1rR6dJ6UA","anitayorker"
"negative","RT @SabinaLeonelli: Our editorial for the ‚Äú#OpenData and Africa‚Äù collection in Data Science Journal is now published - a small contribution‚Ä¶","krepanas"
"positive","RT @PVCBU: Nations that welcome international researchers and encourage cross-border collaboration tend to produce papers with high scienti‚Ä¶","EvanTeijlingen"
"neutral","RT @CapTravelEvents: Head to #RichmondTheatre now for 10am @BTShowLondon #TravelRisk panel with @SAPConcur  #ChrisBaker @maiden_voyage@ Car‚Ä¶","maiden_voyage"
"neutral","Pandas Data Science for Beginners\n\n‚òû https://t.co/UyvZd2nZ5n\n\n#python #DataScience https://t.co/mtWDtOZ94A","django_codek"
"neutral","Data science ‡∏ô‡∏∞","_xarrtsul"
"positive","#Best_Data_science_Training_Course_in_Kolkata\nhttps://t.co/vtqnpbfbz7\nAt Sky Infotech Data Science training in noid‚Ä¶ https://t.co/zrpFRqUZmb","kaushilendra"
"neutral","For the last ten years or so my husband has always worked with a Dan. I have come to the conclusion that the Data S‚Ä¶ https://t.co/CMfm2VoQ0t","StephdeSilva"
"negative","What's the difference between data science, machine learning, and artificial intelligence? https://t.co/oeTBgcHSNu","hirosehideo"
"neutral","Pandas Data Science for Beginners\n\n‚òû https://t.co/0q2frfZcuV\n\n#python #DataScience https://t.co/PtW2DEMOOO","python_online"
"negative","Executive Guide to Artificial Intelligence - Data Science Central https://t.co/cebo4pjQ2W","ARPhilpott"
"neutral","Periodic Table of Data Science/ –¢–∞–±–ª–∏—Ü–∞ –æ –Ω–∞—É–∫–µ –æ –¥–∞–Ω–Ω—ã—Ö\nhttps://t.co/UfiGUHApnz\n#netresearch #—Å–µ—Ç–µ–≤—ã–µ–∏—Å—Å–ª–µ–¥–æ–≤–∞–Ω–∏—è‚Ä¶ https://t.co/vUsh7XEmOW","Net__Research"
"neutral","RT @campfirescience: Join us on 3rd March for another 'Campfires and Science', working with the Australian National University &amp; the Royal‚Ä¶","LeadbeatersPoss"
"neutral","Pandas Data Science for Beginners\n\n‚òû https://t.co/RqakErfs1L\n\n#python #DataScience https://t.co/5XrL5VRHgY","fan_django"
"positive","RT @docmartincohen: This article really a disgrace, @sarahboseley\". Was it 'supported'? There's no new evidence just a rehash of old stuff.‚Ä¶","hexaflexagon"
"neutral","RT @KirkDBorne: @BruceTedesco @MarshaCollier @ipfconline1 @buildanything @ekplugin @DeepLearn007 @evankirstel @MikeQuindazzi @JimMarous @jb‚Ä¶","mathz_aragao"
"neutral","Here are four ways to increase #datascientist #productivity, boost data scientist #job #satisfaction (and‚Ä¶ https://t.co/4uR9qxTz4l","pechardscheck"
"positive","RT @techvsterrorism: Are you a tech professional with know-how of how machine-learning and data analytics can help prevent terrorist exploi‚Ä¶","BerntsonJacob"
"neutral","RT @EPHIEthiopia: EPHI Food Science and Nutrition Research Directorate (FSNRD) in collaboration with John Hopkins University, as per the Se‚Ä¶","binetavh"
"neutral","RT @NWP_UNFCCC: The #Cities and #ClimateChange Science Conference is hosted by the @Cities_IPCC &amp; will gather international, #urban and sci‚Ä¶","wakinyi"
"neutral","RT @tobesinDC: Bridging the gap between science/data and policy/decisions #PMAC2018 #amrsurveillance @wellcometrust @USAIDGH @SharonJPeacoc‚Ä¶","sinhachild"
"neutral","@siminyu_kat is a Data Scientist at Africa‚Äôs Talking and co-organizer of the Nairobi Women in Machine Learning and‚Ä¶ https://t.co/zeW3Km057X","_tabbz"
"neutral","RT @essec: What is #DataScience ?\nData science is an interdisciplinary field that seeks to extract knowledge or insights from various forms‚Ä¶","ENSAEParisTech"
"positive","Looking forward to the #TechSummitCH. Check also our Microsoft Professional Program (#MPP) in Data Science starting‚Ä¶ https://t.co/lbfszuUlKy","DigicompCH"
"neutral","RT @GDussutour: Comment IBM veut s'imposer dans les plateformes #Cloud de #DataScience https://t.co/GJ95PM9Onw via @journaldunet","LaetitiaHoleind"
"neutral","RT @CapTravelEvents: Head to #RichmondTheatre now for 10am @BTShowLondon #TravelRisk panel with @SAPConcur  #ChrisBaker @maiden_voyage@ Car‚Ä¶","BTShowlondon"
"positive","RT @odsc: Data Science Live Book (open source) ~ new big release! 200-pages https://t.co/75ma22GuBk #ODSC #DataScience https://t.co/9yBHsmI‚Ä¶","SarrafNadine"
"neutral","RT @CapTravelEvents: Head to #RichmondTheatre now for 10am @BTShowLondon #TravelRisk panel with @SAPConcur  #ChrisBaker @maiden_voyage@ Car‚Ä¶","SAPConcur"
"neutral","Urgent Opening for Data Analytics / Data Science ‚Äì SAS / SPSS / R / Python / RPA ‚Äì data analyst, reporting... https://t.co/zfimACETBI","sivakumarbabuji"
"neutral","RT @CapTravelEvents: Head to #RichmondTheatre now for 10am @BTShowLondon #TravelRisk panel with @SAPConcur  #ChrisBaker @maiden_voyage@ Car‚Ä¶","sukeshetty"
"neutral","Urgent Opening for Data Analytics / Data Science ‚Äì SAS / SPSS / R / Python / RPA ‚Äì data analyst, reporting analyst,‚Ä¶ https://t.co/qPSPk18Ciw","sivakumarbabuji"
"neutral","Comment IBM veut s'imposer dans les plateformes #Cloud de #DataScience https://t.co/GJ95PM9Onw via @journaldunet","GDussutour"
"neutral","Comment IBM veut s'imposer dans les plateformes cloud de data science, par Xavier Biseul : https://t.co/UZDzw66jAT via @journaldunet","msannier"
"positive","RT @ATEKAssetScan: Who's your MACHINE LEARNING whisperer? Tune in Feb. 27 @ 1 ET for experts, tools and insights on this year's most exciti‚Ä¶","KirkwoodTalon"
"positive","I was also recommended this book about understanding data science and machine learning from first principles, which‚Ä¶ https://t.co/YoW8ApsdpB","matatk"
"positive","@berniew37 @BBCNews I just love the Internet, the rise of big data and technology running the world as democracy is‚Ä¶ https://t.co/3C4B32qUos","rober1236Jua"
"neutral","RT @NESouthWest: Are you or anyone you know looking for an environmentally focused job? Specialist Marine Data Modeller (EU Exit) position‚Ä¶","LevelsFriends"
"positive","RT @ATEKAssetScan: Who's your MACHINE LEARNING whisperer? Tune in Feb. 27 @ 1 ET for experts, tools and insights on this year's most exciti‚Ä¶","PaulRees45"