Follower,VbekMkju,bibekmakaju,üòÄüòÄüòÄüòÇüòÇüòÇ
Follower,LearnPython1,Learn Python,Learning Python At a HUGEEEE Speed
Follower,Wilson7861,Mostofa Masud Parvez,"I'm an seo expert, graphic designer interested chat, sports, music, entertainment, science & technology....."
Follower,MahesYakami,Mahesh Yakami,Manners maketh man.
Follower,TradersCoin1,TradersCoin,We are a decentralized cryptocurrency Platform that aims to facilitate fast and secure trade btw countries.  Our white paper: https://t.co/AXXQ1m95ZC‚Ä¶
Followee,DeepMindAI,DeepMind,Founded in 2010.  Building Artificial General Intelligence. The creators of #AlphaGo and Atari DQN
Followee,elonmusk,Elon Musk,
Followee,TensorFlow,TensorFlow,"TensorFlow is a fast, flexible, and scalable open-source machine learning library for research and production."
Followee,Charles_the_AI,Charles the AI,Deep Learning AI chatbot trained from Reddit. I stream 24/7 on Twitch! Might say offensive things...Reddit made me do it.
Followee,PyData,PyData,"PyData brings together users and developers of data analysis tools in Python, R, Julia, & Stan. Past talks: https://t.co/W4T3H07AJE Organized by @NumFOCUS."
Followee,sirajraval,Siraj Raval,Data Scientist. Youtube Star. Bestselling Author. I'm on a warpath to inspire & educate developers to build AI. Subscribe! https://t.co/Uyp57ffZ4k
Followee,Sentdex,Harrison Kinsley,"I like to build things. Programming is neat. INTJ   https://t.co/HN1G9OEr2z, https://t.co/MWeBAmzFSQ, https://t.co/mu0RDc2Ssh,"
Followee,ThePSF,Python Software,"The Python Software Foundation. For help with Python code, see comp.lang.python."
Followee,PLComms,Premier League Communications,Official Communications from the Premier League
Followee,premierleague,Premier League,Official Twitter account of the Premier League. Download the 2017/18 fixtures to your calendar now: https://t.co/vbICt4NPPq
Followee,ManUtd,Manchester United,Official account. More news and features at https://t.co/WHqyPv6Edx.
Followee,RONBupdates,RoutineofNepal Banda,"Official twitter account for Routine Of Nepal banda. ‚ÄúHelping Hand, Entertainment, Up to date information‚Äù Every update matters..."
Followee,RedragonX,Stephen Chavez,"Creative infosec speaker. I'm looking  for devices not in a hacker's mind. Music is my life, it's not an addiction ok? I do creative hax videos."
Followee,TrollFootball,Troll Football,Fb: https://t.co/Mo79KdTBIo Insta - https://t.co/AlRDHx5QGe  Contact: trollfootballcontact@gmail.com
Followee,SatoshiLite,Charlie Lee [LTC],"Also known as coblee, creator of Litecoin. Cryptocurrency Enthusiast. Ex-Director of Engineering at Coinbase."
Followee,LiteCoinNews,LiteCoin News,All the latest news about #Litecoins and #Cryptocurrency #bitcoins #HODLGang Lc1oSSu5QEhcTsNUZ4D6Bqn4ZiheynJBVZ
Followee,MahesYakami,Mahesh Yakami,Manners maketh man.
Followee,litecoin,litecoin,Unofficial Litecoin News
Followee,certainassets,ned scott,#STEEM Smart Media Tokens (#SMTs) creator - whitepaper: https://t.co/JKNh4nOAWA üëæ founder @SteemNetwork and founder ceo @steemit üë§ #bitcoin
Followee,steemit,steemit,The first social network built on the Steem blockchain.  Learn more https://t.co/oncNn7JmXA and join the movement at https://t.co/ZeqYSJgXTx. #steemit #steem #SMTs
Followee,CryptoBoomNews,CryptoCurrency News,All the latest news and insight to help you become an informed crypto investor! Tweets not investment advice. #Cryptocurrency #Bitcoin #Crypto #Blockchain
Followee,Cointelegraph,Cointelegraph ‚Äî Bitcoin and Cryptocurrency News,"High-tech finance, Bitcoin news, analysis and review. Our Facebook page: https://t.co/gC6s0iSIUc"
Followee,Bitcoin,Bitcoin,"Bitcoin News, Information and Price Tweets"
Followee,BitcoinMagazine,Bitcoin Magazine,"The original source of information, news and commentary about #Bitcoin, the #blockchain and digital currencies."
Followee,BBCClick,BBC Click,The BBC's flagship tech show. Presented by @Spenley. Tweet us or include #BBCClick in tweets. Transmission times here - http://t.co/VJ6Kjmzi4r
Followee,guardiantech,Guardian Tech,News and comment from the @Guardian's technology team
Followee,gadgetlab,WIRED Gadget Lab,"Your gadgets and how you use them. News and views from @snackfight, @pierce, @pardesoteric, and @typingpixels."
Followee,tomhanks,Tom Hanks,"I'm that actor in some of the movies you liked and some you didn't. Sometimes I'm in pretty good shape, other times I'm not. Hey, you gotta live, you know?"
Followee,eddievedd,Eddie Vedder,
Followee,WayneRooney,Wayne Rooney,@NikeUK athlete | https://t.co/3yp07llC6E | @triplessports | @foundationwr
Followee,foofighters,Foo Fighters,
Followee,jason_mraz,Jason Mraz,GOOD VIBES | https://t.co/a94BX0Lgh7 | music & tour news: @MrazTeam
Followee,PearlJam,Pearl Jam,Pearl Jam is coming home - August 8 & 10 in Seattle. #TheHomeShows
Followee,coldplay,Coldplay,Kaleidoscope EP out now on CD/vinyl/download/stream - get it from https://t.co/oa9tForukD
